{"mean":{"confidence_interval":{"confidence_level":0.95,"lower_bound":0.0025658461723560805,"upper_bound":0.010402379773931809},"point_estimate":0.006501546065458719,"standard_error":0.001991691506169716},"median":{"confidence_interval":{"confidence_level":0.95,"lower_bound":0.0016652682177493716,"upper_bound":0.012513362182579257},"point_estimate":0.006958848733235268,"standard_error":0.0029311125261256375}}