{"mean":{"confidence_interval":{"confidence_level":0.95,"lower_bound":16.57318333873634,"upper_bound":16.796427199806878},"point_estimate":16.681996118283138,"standard_error":0.05717228194246489},"median":{"confidence_interval":{"confidence_level":0.95,"lower_bound":16.53860479370125,"upper_bound":16.76968185589993},"point_estimate":16.680717355370884,"standard_error":0.05734552886368006}}